<included>
    <!--
        예외(exception) 트레이스 제외항목
        https://github.com/logfellow/logstash-logback-encoder/blob/main/stack-hash.md
    -->

    <!-- 익스피디아 요청/응답  tag:expedia 추가 -->
    <appender name="ALL_LOGSTASH_PROD" class="net.logstash.logback.appender.LogstashTcpSocketAppender">
        <destination>log.oh-kim.com:50000</destination>
        <keepAliveDuration>5 minutes</keepAliveDuration>
        <encoder class="net.logstash.logback.encoder.LoggingEventCompositeJsonEncoder">
            <providers>
                <mdc/>
                <timestamp/>
                <pattern>
                    <pattern>
                        {
                        "service": "okim-auth",
                        "tx-id": "%mdc{tx-id}",
                        "tags": ["okim-auth"],
                        "logger": "%logger",
                        "level": "%level",
                        "thread": "%thread",
                        "message": "%message",
                        "container_id": "%mdc{container-id}"
                        }
                    </pattern>
                </pattern>
            </providers>
        </encoder>
    </appender>
</included>
